P	mean	std	speedup	efficiency	solver
1	2.015600e+00	1.318144e-02	1.000000e+00	1.000000e+00	1.542244e+00
2	9.596855e-01	2.723358e-02	2.100271e+00	1.050136e+00	6.561113e-01
4	5.763918e-01	2.989045e-02	3.496927e+00	8.742317e-01	3.881165e-01
8	2.926723e-01	2.176721e-02	6.886883e+00	8.608604e-01	2.132352e-01
16	2.157329e-01	4.913013e-02	9.343035e+00	5.839397e-01	1.747904e-01
