P	mean	rel-err	speedup	efficiency	solver
4	1.543153e+00	1.234539e-01	0.000000e+00	0.000000e+00	5.263513e-01
