P	mean	std	speedup	efficiency	solver
2	1.377088e+01	4.514988e-02	0.000000e+00	0.000000e+00	1.353936e+01
4	7.824701e+00	5.200826e-02	0.000000e+00	0.000000e+00	7.659829e+00
8	3.855637e+00	1.428776e-01	0.000000e+00	0.000000e+00	3.708716e+00
16	1.822764e+00	1.547904e-01	0.000000e+00	0.000000e+00	1.723929e+00
32	1.131189e+00	2.223879e-01	0.000000e+00	0.000000e+00	1.029594e+00
